course,subject,exam,question,extract,optionA,optionB,optionC,optionD,optionE,optionF,optionG,correct_answer,Rationale,study_tip
HESI A2,Grammar,HESI A2 Grammar Practice Exam,"Select the word that makes this sentence grammatically correct: 'While he was an apprentice, Steve ____ a great deal of time in the studio.'",,spends,spent,spended,spend,,,,B,"Spent' is the correct past tense of 'spend.' In this sentence, the action of spending time in the studio already happened while Steve was an apprentice, requiring the past tense 'spent.' 'Spends' is present tense, 'spended' is not a valid word, and 'spend' is present tense without matching the past context of the sentence.",
HESI A2,Grammar,HESI A2 Grammar Practice Exam,Select the word that makes this sentence grammatically correct. Our subcommittee ___________ on the fourth Wednesday of each month.,,meet,meets,meeting,are meeting,,,,B,"The word 'subcommittee' is singular, so the correct verb to use is 'meets' as it agrees with the singular subject. 'Meets' is the present tense form of the verb that matches a singular subject. Choice A 'meet' is incorrect as it is the plural form of the verb. Choice C 'meeting' is a gerund and does not fit the sentence structure. Choice D 'are meeting' is incorrect as 'are' is not the correct auxiliary verb to pair with 'subcommittee'.",
HESI A2,Grammar,HESI A2 Grammar Practice Exam,What word is best to substitute for the underlined words in the following sentence? The doctor and I went over the doctor's and my notes.,,his,their,our,mine,,,,C,"The word 'our' is the best substitute for the underlined words 'the doctor's and my' in the sentence. Using 'our' indicates joint possession, making the sentence more concise and natural. 
Choice A, 'his', is singular possessive and does not reflect the joint ownership implied by the sentence. Choice B, 'their', is plural possessive and does not align with the singular subjects 'the doctor and I'. Choice D, 'mine', is possessive for the first person singular pronoun and does not convey the shared ownership of the notes by both individuals.",
HESI A2,Grammar,HESI A2 Grammar Practice Exam,"Select the correct word for the blank in the sentence: 'After completing the intense surgery, Dr. Capra needed a long ____.'",,brake,break,brink,broke,,,,B,"The correct word to fill in the blank is 'break.' In this context, 'break' refers to a pause or rest, which is what Dr. Capra needed after completing the intense surgery. 'Brake' (choice A) refers to a device used to slow or stop a vehicle. 'Brink' (choice C) means the edge or verge of something. 'Broke' (choice D) is the past tense of 'break' and is grammatically incorrect in this sentence.",
HESI A2,Grammar,HESI A2 Grammar Practice Exam,"Select the phrase or clause that is misplaced in the following sentence: At a presentation, he informed us about the dangers of drugs and alcohol in the auditorium.",,At a presentation,about the dangers,of drugs and alcohol,in the auditorium,,,,D,"The phrase 'in the auditorium' is misplaced in the sentence because it suggests that the dangers of drugs and alcohol were in the auditorium, which is not the intended meaning. It would make more sense for this phrase to come immediately after 'he informed us' to indicate where the presentation took place. Choices A, B, and C are all correctly placed within the sentence, providing necessary information about the context and topic of the presentation.",
HESI A2,Grammar,HESI A2 Grammar Practice Exam,"Which word is used incorrectly in the following sentence? Many pass through those doors, but only a few deserve their degrees.",,pass,through,deserve,degree,,,,C,"The word 'deserve' should be used instead of 'deserves' to match the plural subject 'few'. The subject 'few' is plural, so the verb should also be plural. Therefore, the correct sentence should be 'but only a few deserve their degrees.' Choices A, B, and D are used correctly in the sentence and do not need any changes.",
HESI A2,Grammar,HESI A2 Grammar Practice Exam,Which word is used incorrectly in the following sentence? That is the doctor whose diploma is hung on the partition.,,That,whose,hung,partition,,,,B,"The word 'whose' in the sentence should be 'whose.' 'Whose' is the correct possessive form used to indicate that the diploma belongs to the doctor. 'Who's' is a contraction for 'who is' or 'who has,' which does not make sense in this context. The other words in the sentence - 'That,' 'hung,' and 'partition' are all used correctly in the sentence.",
HESI A2,Grammar,HESI A2 Grammar Practice Exam,"Select the phrase that will make this sentence grammatically correct. Once they pass the exam, the students ___________.",,being certified,have been certified,will be certified,are certifying,,,,C,"The correct answer is 'will be certified' because it correctly indicates the future tense of the action of certifying the students after they pass the exam. This phrase accurately conveys the timing of the certification process in relation to the completion of the exam. Choice A 'being certified' is incorrect as it does not specify the future tense, while choice B 'have been certified' is incorrect as it indicates a past action. Choice D 'are certifying' is incorrect as it suggests the certification is currently happening, which is not the intended meaning in the sentence.",
HESI A2,Grammar,HESI A2 Grammar Practice Exam,What word is best to substitute for the underlined words in the following sentence? Stu often regarded his roommates' housekeeping as sloppy and careless.,,his,hers,them,their,,,,D,"The word 'their' is the best substitute for the underlined words in the sentence because it refers to Stu's roommates in a possessive form, indicating that the housekeeping belongs to them. 'His' (Choice A) refers to Stu, not the roommates. 'Hers' (Choice B) is incorrect as it refers to a female possessive form. 'Them' (Choice C) is a pronoun for a group of people but does not show possession, making it unsuitable in this context.",
HESI A2,Grammar,HESI A2 Grammar Practice Exam,Which word is not spelled correctly in the context of the following sentence? The attending physician led a small entourage of students and interns.,,attending,lead,entourage,interns,,,,B,"The correct answer is B, 'lead.' The correct spelling should be 'led' in the context of the sentence. 'Lead' is a present tense verb, while 'led' is the past tense of 'lead' when used in the sense of guiding or showing the way. Choice A, 'attending,' is spelled correctly. Choice C, 'entourage,' is spelled correctly. Choice D, 'interns,' is spelled correctly. The error lies in the verb 'lead' being used incorrectly in the past tense form.",
HESI A2,Grammar,HESI A2 Grammar Practice Exam,"Which of the following words fits best in the sentence below? ___________ she is the youngest member of her class, Octavia is taller than her classmates.",,Despite,Since,Although,Provided,,,,C,"The word 'Although' is the correct choice as it is used to introduce a contrast between two ideas. In this sentence, it highlights the unexpected nature of Octavia being taller than her classmates despite being the youngest member of her class. This conjunction effectively conveys the discrepancy between her age and height in the context of the sentence. 

Choice A ('Despite') indicates a contradiction or contrast but does not capture the nuance of unexpectedness present in the sentence. Choice B ('Since') implies a causal relationship, which is not the intended meaning. Choice D ('Provided') suggests a condition or stipulation, which is not suitable for the context of the sentence. Therefore, 'Although' is the most appropriate choice.",
HESI A2,Grammar,HESI A2 Grammar Practice Exam,"Which of the following words or phrases fits best in the following sentence? If you ever ___________ at County Medical, you would know how grueling a shift there can be.",,work,are working,had worked,working,,,,A,"The word 'work' (option A) is the most suitable choice for the sentence. The sentence is in the simple present tense and is discussing a general scenario or experience. The present simple tense is used to describe habits, routines, or general truths. Therefore, the word 'work' best fits in this context to indicate a general experience at County Medical without specifying a particular timeframe. Choices B, C, and D create incorrect tenses or imply specific past actions, which do not align with the intended meaning of the sentence.",
HESI A2,Grammar,HESI A2 Grammar Practice Exam,I am looking forward to ___________ on a vacation next month.,,Go,Going,Be going,Going to go,,,,B,"In this sentence, the correct form is the gerund 'going' after the preposition 'to.' The gerund form is used after prepositions to indicate an action or state. Therefore, 'Going' is the correct choice to complete the sentence. Choice A ('Go') is incorrect because it is not the gerund form required after 'to.' Choice C ('Be going') is incorrect as it is not the standard form used in this context. Choice D ('Going to go') is redundant and unnecessarily wordy.",
HESI A2,Grammar,HESI A2 Grammar Practice Exam,Select the phrase that makes the following sentence grammatically correct. There is a fountain ______ the driveway and the main entrance.,,among,between,by way of,in conjunction with,,,,B,"The correct preposition to use in this sentence to indicate the position of the fountain in relation to the driveway and the main entrance is 'between.' 'Between' conveys that the fountain is positioned centrally or in the middle of the driveway and the main entrance, making it the most suitable phrase to complete the sentence correctly. The other options do not accurately describe the fountain's position between two distinct locations, making them grammatically incorrect choices for this sentence.",
HESI A2,Grammar,HESI A2 Grammar Practice Exam,Select the phrase that makes the following sentence grammatically correct: 'Working ____ the mission of the entire committee.',,to peace is,toward peace was,to peace was,toward peace am,,,,B,"The correct phrase to complete the sentence is 'toward peace was.' In this context, 'toward peace' is the appropriate prepositional phrase to indicate the direction or goal of the work being done. Additionally, the verb tense should be in the past tense ('was') to match the structure of the sentence. Choice A and C are incorrect because 'to peace' does not convey the intended sense of direction or goal. Choice D is incorrect as 'am' is present tense, which does not agree with the past tense structure of the sentence.",
HESI A2,Grammar,HESI A2 Grammar Practice Exam,Select the word that correctly completes the following sentence: 'The intern was surprised by the ____ of pain he was in after his first day of work.',,amount,frequency,number,amplitude,,,,A,"The correct answer is 'amount.' In this context, 'amount' is used to describe the intensity or level of pain, which is an uncountable noun. 'Frequency' (B) refers to how often something occurs, 'number' (C) is used for countable objects, and 'amplitude' (D) is typically used in the context of sound or waves, not pain.",
HESI A2,Grammar,HESI A2 Grammar Practice Exam,What word is best to substitute for the underlined word in the following sentence? Roseanne was sent to the lab to collect Roseanne's results.,,she,their,her,hers,,,,C,"The correct option to substitute for 'Roseanne's' is 'her' to maintain correct pronoun-antecedent agreement. In this case, using 'her' makes the sentence grammatically correct and clear by referring back to Roseanne in a proper manner. Choice A, 'she,' is a subject pronoun and does not match the possessive form needed in the sentence. Choice B, 'their,' is plural and does not agree with the singular possessive 'Roseanne's.' Choice D, 'hers,' is a possessive pronoun but cannot directly replace 'Roseanne's' in this context; 'her' is the appropriate choice to indicate possession.",
HESI A2,Grammar,HESI A2 Grammar Practice Exam,Select the word or phrase that makes this sentence grammatically correct. Sadie and her mother were excited to ________ the award.,,be received,receiving,receive,have been received,,,,C,"The correct answer is 'C: receive.' In this sentence, 'receive' is the infinitive form of the verb that should follow the preposition 'to.' Therefore, the sentence should read: 'Sadie and her mother were excited to receive the award.' 'Be received' (A) is not appropriate in this context as it changes the passive voice. 'Receiving' (B) is a gerund form and does not fit after 'to.' 'Have been received' (D) is in the wrong tense and does not suit the sentence structure.",
HESI A2,Grammar,HESI A2 Grammar Practice Exam,"Select the correct word for the blank in the following sentence: 'The other day, Stan ____ reviewing his class notes in preparation for the final exam.'",,begins,begun,begin,began,,,,D,"The sentence is in the past tense, indicating that the action occurred before the present moment. 'Began' is the correct past tense form of the verb 'begin' in this context. It shows that Stan started reviewing his class notes in the past. Choice A ('begins') is incorrect as it represents present tense. Choice B ('begun') is incorrect as it is the past participle form and does not fit the sentence structure. Choice C ('begin') is incorrect as it is the base form of the verb and not appropriate for the past tense context of the sentence.",
HESI A2,Grammar,HESI A2 Grammar Practice Exam,Select the word or phrase that makes the following sentence grammatically correct: 'Screaming ____ took the shopkeeper by surprise.',,We,They,Them,Our,,,,D,"The correct answer is 'Our.' In this sentence, the possessive pronoun 'Our' is needed to show ownership and make the sentence grammatically correct. 'Screaming our took the shopkeeper by surprise' indicates that the shopkeeper was surprised by the screaming of a group or individuals related to 'our.' Choices A, B, and C are incorrect as they are pronouns referring to people ('We', 'They', 'Them'), not possessive pronouns that indicate ownership.",
HESI A2,Grammar,Grammar HESI A2 Practice Test,"Select the phrase that will make the following sentence grammatically correct. Over the next few months, we ___________.",,listen and learn,listening and learning,had listened and learned,will listen and learn,,,,D,"The correct phrase to use in this sentence is 'will listen and learn' because it indicates actions that will take place in the future. The verb 'will' is needed to show that these actions have not occurred yet but are planned for the upcoming months. Choices A, B, and C are incorrect because they do not convey the future tense required in the sentence. Choice A lacks the future tense, choice B is in the present continuous tense, and choice C is in the past perfect tense, which are all grammatically incorrect in this context.",
HESI A2,Grammar,Grammar HESI A2 Practice Test,"Select the phrase in the sentence that is not used correctly. Until his trip to Puerto Rico, Javier had never seen his ancestral home.",,Until his trip,had never,never seen,his ancestral home,,,,C,"The phrase 'never seen' in the sentence is not used correctly. The correct phrase should be 'never seen,' which is the past participle form of the verb 'see.' In this context, 'seen' is the correct past participle to use with 'had never.' Choice A, 'Until his trip,' is correct as it sets the time frame. Choice B, 'had never,' is also correct as it indicates the past perfect tense. Choice D, 'his ancestral home,' is also used correctly as it refers to the place Javier had never seen before.",
HESI A2,Grammar,Grammar HESI A2 Practice Test,Select the word or phrase that makes this sentence grammatically correct: 'A child is not yet old enough to know what is healthy for ____.',,him or her,them,it,she or he,,,,A,"The correct answer is 'him or her' because it agrees with the singular noun 'child.' When referring to a singular subject of unknown gender, 'him or her' is a suitable pronoun choice to maintain grammatical correctness. Options B, C, and D are incorrect as they do not match the singular form of 'child.' Using 'them' (B) would be plural, 'it' (C) is not appropriate for a person, and 'she or he' (D) is unnecessarily wordy and less commonly used in modern English.",
HESI A2,Grammar,Grammar HESI A2 Practice Test,"Which word is used incorrectly in the following sentence? The design was incredibly complex, with multicolored, repeating patterns.",,incredible,complex,multicolored,repeating,,,,A,"The word 'incredible' is used incorrectly in the sentence. The correct form in this context should be 'incredibly' to modify the adjective 'complex.' Therefore, the corrected sentence is, 'The design was incredibly complex, with multicolored, repeating patterns.' The other choices (B, C, D) are used appropriately in the sentence and do not need any corrections.",
HESI A2,Grammar,Grammar HESI A2 Practice Test,What word is best to substitute for the underlined words in the following sentence? Mr. Menotti's wife collected Mr. Menotti's belongings for the ride home.,,her,him,he,his,,,,D,"The word 'his' is the possessive form of the pronoun 'Mr. Menotti,' indicating that the belongings belong to him. Using 'her,' 'him,' or 'he' would not be grammatically correct in this context as they do not reflect the possession by Mr. Menotti. 'Her' would imply the belongings belong to his wife, 'him' is an objective pronoun, and 'he' is a subject pronoun, neither of which correctly shows possession.",
HESI A2,Grammar,Grammar HESI A2 Practice Test,"In the following sentence, which word or phrase is the subject: 'The nurses went to the conference room.'",,conference,went to,room,nurses,,,,D,"In the sentence, 'The nurses went to the conference room,' 'nurses' is the subject. The subject of a sentence is typically the noun or pronoun that carries out the action or is described in the sentence. In this case, 'nurses' is the noun performing the action of going to the conference room. Choices A, B, and C are not the subject. 'Conference' and 'room' are objects of the prepositions 'to' and 'the,' while 'went to' is the verb phrase indicating the action performed by the subject.",
HESI A2,Grammar,Grammar HESI A2 Practice Test,"Select the phrase that will make this sentence grammatically correct. As the concert ended, my friends ___________.",,ask for a ride home,asked for a ride home,have asked for a ride home,are asking for a ride home,,,,B,"The sentence is in past tense ('As the concert ended'). Therefore, the correct verb form to use is 'asked,' as it agrees with the past tense of the sentence. Choice A is incorrect because 'ask' is not in agreement with the past tense context. Choice C is incorrect because 'have asked' is present perfect tense, not past tense. Choice D is incorrect because 'are asking' is present continuous tense, not past tense.",
HESI A2,Grammar,Grammar HESI A2 Practice Test,"What punctuation is needed in the following sentence to make it correct? Do not be afraid to ask questions in his class, he is very approachable and explains things well.",,Hyphen,Comma,Apostrophe,Semicolon,,,,B,"The correct punctuation needed in the given sentence is a comma after 'class.' This comma is necessary to separate the two independent clauses 'Do not be afraid to ask questions in his class' and 'he is very approachable and explains things well.' Commas are used to separate independent clauses when they are joined by a coordinating conjunction like 'and.'

Choice A, 'Hyphen,' is incorrect as a hyphen is not needed to connect any words in the sentence.
Choice C, 'Apostrophe,' is incorrect as there is no possession or contraction being indicated in the sentence that requires an apostrophe.
Choice D, 'Semicolon,' is incorrect as a semicolon is not used to join two independent clauses in this context; a comma followed by a coordinating conjunction is more appropriate.",
HESI A2,Grammar,Grammar HESI A2 Practice Test,Which word is not used correctly in the context of the following sentence? Does your grimace infer that you loathed the performance?,,grimace,infer,loathed,performance,,,,B,"The word 'infer' is used incorrectly in the sentence. 'Infer' means to deduce or conclude something based on evidence and reasoning, while in the sentence, the speaker is actually asking if the grimace suggests that the person hated the performance. The correct word that should be used in this context is 'imply' or 'suggest.' 'Grimace' (choice A), 'loathed' (choice C), and 'performance' (choice D) are all used appropriately in the sentence.",
HESI A2,Grammar,Grammar HESI A2 Practice Test,"Select the best word for the blank in the following sentence: 'The student sang well, but she danced ____.'",,badly,badly,poorly,poorer,,,,B,"Badly' is the correct adverb to modify 'danced'. In this context, 'badly' is used to describe the manner in which the student danced, indicating that her dancing performance was not good, contrasting with her singing ability. 'Poorly' (choice C) is also an adverb, but 'badly' is more commonly used in this context to describe performance in an artistic or skill-based activity. Choice D, 'poorer,' is incorrect as it is the comparative form of 'poor,' not the appropriate adverb to describe how she danced.",
HESI A2,Grammar,Grammar HESI A2 Practice Test,Which word is used incorrectly in the following sentence? Dr. Leo laid the paperwork out upon the table for us to view.,,lay,upon,us,view,,,,A,"In the sentence provided, the word 'lay' is used incorrectly. The correct past tense of 'lay' in this context should be 'lay.' Therefore, the sentence should read, 'Dr. Leo laid the paperwork out upon the table for us to view.' 'Laid' is the past participle of 'lay' when it requires an object. In this sentence, 'lay' is the correct choice as it is used without an object. The other choices ('upon,' 'us,' 'view') are used appropriately in the sentence and do not contain any errors.",
HESI A2,Grammar,Grammar HESI A2 Practice Test,Which word is not spelled correctly in the context of the following sentence? Everyone in the fraternity found the four boys' pranks sophomoric.,,Everyone,fraternity,boys',sophomoric,,,,C,"The word 'boys'' should be spelled as 'boys' in this context. The correct possessive form of the plural noun 'boys' does not require an apostrophe before the final S, which indicates possession. In this sentence, the intent is to show that the pranks belong to the four boys collectively, so the correct possessive form is 'boys' without the additional apostrophe.",
HESI A2,Grammar,Grammar HESI A2 Practice Test,"What word is best to substitute for the underlined words in the following sentence? Francesca, Bill, and I enjoy using the hospital pool.",,They,We,Them,Us,,,,B,"The sentence is written in the first-person point of view, so the appropriate pronoun to use as a substitute for 'Francesca, Bill, and I' would be 'we.' This choice maintains the correct subject-verb agreement and ensures consistency in the sentence structure by keeping the pronoun in the nominative case. Choice A, 'They,' is incorrect as it changes the subject of the sentence, leading to a lack of agreement between the pronoun and the verb. Choices C and D, 'Them' and 'Us,' are both objective pronouns and do not fit the role of the subject in this sentence.",
HESI A2,Grammar,Grammar HESI A2 Practice Test,Which word is not spelled correctly in the context of the following sentence? I like the way the bride's stationery complements her wedding decor.,,bride's,stationery,complements,decor,,,,C,"The word 'complements' is not spelled correctly in the context of the sentence. The correct spelling should be 'complements,' which means 'enhances or goes well with.' 'Compliments' in this context would refer to expressions of praise or admiration. The other choices ('bride's,' 'stationery,' 'decor') are correctly spelled and fit the context of the sentence.",
HESI A2,Grammar,Grammar HESI A2 Practice Test,Select the word or phrase that makes this sentence grammatically correct: 'Picking up groceries ____ one of the things you are supposed to do?',,Is,Am,Is it,Are,,,,A,"The correct answer is 'Is.' In this sentence, the subject 'picking up groceries' is singular, so it should be followed by the singular form of the verb 'to be,' which is 'is.' The verb should agree with the subject in number. 'Am' is incorrect as it is the first person singular form, 'Is it' creates an unnecessary question structure, and 'Are' is plural, not matching the singular subject. Therefore, 'Is' is needed to make the sentence grammatically correct.",
HESI A2,Grammar,Grammar HESI A2 Practice Test,Which word is not spelled correctly in the context of the following sentence? The pharmacist seemed to disagree with the prescription designated by the physician.,,pharmacist,prescription,designated,physician,,,,B,"The word 'prescription' in the sentence is misspelled as 'proscription.' A prescription is a written order for medication or treatment provided by a healthcare professional, while a proscription means a forbidding or prohibition. The other choices (A, C, D) are all correctly spelled in the context of the sentence.",
HESI A2,Grammar,Grammar HESI A2 Practice Test,Which word is not spelled correctly in the context of the following sentence? The counselor expected me to accept her advice without question.,,counselor,expected,accept,advise,,,,A,"The word 'counselor' is spelled correctly in the sentence. The word 'advise' in the sentence should be spelled 'advice.' 'Advise' is a verb meaning to offer suggestions, while 'advice' is a noun referring to recommendations or guidance given by someone. In this context, the correct word to use is 'advice,' as the sentence implies the counselor's guidance rather than her action of advising. Choice A is the correct answer as it is the only word that is not spelled correctly in the given sentence.",
HESI A2,Grammar,Grammar HESI A2 Practice Test,"Select the best words for the blanks in the following sentence: 'The patient wanted to ____ down on the bed, but first she had to ____ her tray of food on the table.'",,"lie, lay","lay, lie","lie, laid","lain, lying",,,,A,"In this sentence, 'lie' is the correct word for the patient wanting to recline on the bed, and 'lay' is the correct word for placing the tray of food on the table. Therefore, 'lie, lay' is the proper sequence of words for the actions described in the sentence. 
Choice B is incorrect because 'lie' should be used for reclining, not 'lay'. Choice C is incorrect as 'laid' is the past tense of 'lay,' not the present tense. Choice D is incorrect; 'lain' is the past participle of 'lie,' not the present tense.",
HESI A2,Grammar,Grammar HESI A2 Practice Test,Select the word or phrase that makes this sentence grammatically correct. The children started ___________ away their trash without being asked.,,throw,to throw,threw,threwing,,,,B,"In this sentence, 'to throw' is the correct form to use after the verb 'started' to indicate the action that the children began doing. The infinitive form 'to throw' is needed after the verb 'started' to show the purpose or action that is about to happen. When an action follows another action that has already started, the infinitive form is typically used to express the purpose or intention behind the subsequent action, making 'to throw' the most appropriate choice. Choices A, C, and D are incorrect because 'throw' is not the correct form to follow 'started' as it needs an infinitive form, 'threw' is the past tense which is not suitable in this context, and 'threwing' is an incorrect form of the verb that does not exist in standard English.",
HESI A2,Grammar,Grammar HESI A2 Practice Test,Identify the dependent clause in this sentence: The mother dog left her bed as soon as the puppies were asleep.,,As soon as the puppies were asleep,Left her bed as soon as,The puppies were asleep,The mother dog left her bed,,,,A,"The correct answer is A: 'As soon as the puppies were asleep' is the dependent clause in the sentence. It functions as an adverbial clause, indicating a time relationship with the action of the mother dog leaving her bed. Dependent clauses rely on independent clauses to form complete sentences and cannot stand alone. Choice B is incorrect because it separates the dependent clause. Choice C is incorrect as it is a noun phrase. Choice D is incorrect as it is an independent clause.",
HESI A2,Grammar,HESI A2 Grammar Practice Test,Which word is not spelled correctly in the context of the following sentence? Nothing can be more delightful than a late-night swim in the reservoir.,,Nothing,delightful,then,reservoir,,,,C,"In the context of the sentence, the word 'then' is used incorrectly. The correct word that should be used is 'than,' which is used to make comparisons. The sentence should read, 'Nothing can be more delightful than a late-night swim in the reservoir.'
The other choices 'Nothing,' 'delightful,' and 'reservoir' are spelled correctly and are contextually appropriate in the sentence.",
HESI A2,Grammar,HESI A2 Grammar Practice Test,"Select the phrase or clause that is misplaced in the following sentence. With torn pages, I returned the book I'd just bought to the store.",,With torn pages,I returned the book,I'd just bought,to the store,,,,A,"The phrase 'With torn pages' is misplaced in the sentence because it disrupts the flow of the sentence. Placing it at the beginning creates an awkward structure. It would be clearer to present the main action first before adding the detail about the torn pages. In this case, rearranging the sentence to 'I returned the book I'd just bought to the store with torn pages' would improve the sentence's coherence and readability. Choices B, C, and D are not misplaced in the sentence as they follow a logical order of action and description.",
HESI A2,Grammar,HESI A2 Grammar Practice Test,Select the word or phrase that is misplaced in the following sentence: The book is in my locker at school that is long overdue.,,The book,in my locker,at school,that is long overdue,,,,D,"The phrase 'that is long overdue' is misplaced in the sentence as it disrupts the flow. Placing it after 'The book' would enhance clarity and coherence. This adjustment ensures the phrase directly describes the book rather than the school, improving the logical and coherent connection within the sentence structure. Choices A, B, and C are correctly positioned and contribute to a clear and coherent sentence about the location of the book.",
HESI A2,Grammar,HESI A2 Grammar Practice Test,Select the word or phrase that makes the following sentence grammatically correct: The wheelchair started _______ down the corridor without assistance.,,roll,to roll,rolled,will roll,,,,B,"The correct answer is 'to roll.' In this sentence, 'started' is followed by the infinitive form of the verb 'to roll.' The construction 'started to roll' indicates the beginning of the action of the wheelchair moving down the corridor. Choice A ('roll') is incorrect as it lacks the infinitive marker 'to' needed after 'started.' Choice C ('rolled') is incorrect as it is the past tense form of the verb, not suitable for the sentence's context. Choice D ('will roll') is incorrect as it indicates a future action, not the past action indicated by 'started.'",
HESI A2,Grammar,HESI A2 Grammar Practice Test,Which of the following is spelled correctly?,,Embarrassing,Embarrasing,Embarrassing,Emberassing,,,,C,"The correct spelling is 'embarrassing.' It is spelled with two consecutive r's and two consecutive s's. Option C is the only choice with the correct spelling. Options A, B, and D all have incorrect spellings. 'Embarrasing' (Option B) is missing an 'r,' and 'Emberassing' (Option D) has an extra 'e' and a missing 'r' and 's.' Therefore, the correct answer is Option C.",
HESI A2,Grammar,HESI A2 Grammar Practice Test,Which word is used incorrectly in the following sentence? Which criteria were used to draw a conclusion about their findings?,,Which,was,draw,their,,,,C,The word 'draw' is used incorrectly in the sentence. The correct word that needs to be used is 'criteria' instead of 'criterion' to maintain subject-verb agreement. The correct sentence should be: 'Which criteria were used to draw a conclusion about their findings?' 'Draw' should be 'were drawn' to match the plural subject 'criteria.' The other choices are correct in the sentence and do not contain any errors.,
HESI A2,Grammar,HESI A2 Grammar Practice Test,Select the word that makes the following sentence grammatically correct. Mary Ann gave ______ credit for studying so hard and passing the test.,,oneself,itself,herself,themselves,,,,C,"The correct answer is 'C: herself.' In this sentence, 'herself' is the reflexive pronoun that correctly refers back to Mary Ann. It shows that Mary Ann is giving credit to herself for studying hard and passing the test. The use of 'oneself' (choice A) would be incorrect here as it is too general and does not specify Mary Ann. Choices B and D ('itself' and 'themselves') are also incorrect because they do not match the singular subject 'Mary Ann.' Therefore, 'herself' is the only option that fits both grammatically and contextually in this sentence.",
HESI A2,Grammar,HESI A2 Grammar Practice Test,Select the phrase or clause that is misplaced in the following sentence: I noticed a number of workers from my car window who were repairing the road alongside the mall.,,of workers,from my car window,who were repairing the road,alongside the mall,,,,A,"The phrase 'of workers' is misplaced in the sentence because the preposition 'of' is unnecessary and disrupts the flow of the sentence. It creates redundancy as 'a number of workers' can be simplified to 'workers.' Removing this unnecessary prepositional phrase would make the sentence clearer and more concise. Choice B 'from my car window' is correctly placed as it provides context on where the observation was made. Choice C 'who were repairing the road' and Choice D 'alongside the mall' are essential parts of the sentence providing details about the workers' activity and location, respectively.",
HESI A2,Grammar,HESI A2 Grammar Practice Test,The student ___________ for the final exam.,,Was studying,Didn't study,Studied hard,Would have studied,,,,A,"The correct answer is 'Was studying,' which is the past continuous form describing an action that was happening at a specific time in the past. Choice B, 'Didn't study,' is incorrect because it's in simple past tense, not the continuous form required by the context. Choice C, 'Studied hard,' is incorrect as it lacks the continuous aspect required by the context. Choice D, 'Would have studied,' is in the wrong tense; it is a hypothetical past action, not an action in progress in the past.",
HESI A2,Grammar,HESI A2 Grammar Practice Test,Which word is not spelled correctly in the context of the sentence? The chef rolled each meatball in a mixture of coarse flour and herbs.,,rolled,coarse,flour,herbs,,,,B,"The correct word should be 'coarse' instead of 'course' in this context. 'Coarse' means composed of relatively large parts or particles, which is the intended meaning in the sentence as it describes the type of flour used for the meatballs. On the other hand, 'course' means a route or direction taken, which does not fit the context here.",
HESI A2,Grammar,HESI A2 Grammar Practice Test,"During the storm, the glass in three of the windows ___________.",,Was broken,Breaks,Broken,Were broken,,,,D,"The correct answer is 'Were broken.' In this sentence, the subject 'glass in three of the windows' is plural, so the correct verb form should also be plural, which is 'were broken.' The verb 'broken' in the original sentence is in the past participle form, which is used correctly in the corrected answer choice 'D.' Choices A, B, and C are incorrect because they do not match the subject in number ('glass in three of the windows') and do not use the correct past participle form of the verb.",
HESI A2,Grammar,HESI A2 Grammar Practice Test,Select the word that makes this sentence grammatically correct. The board of education ___________ to hold a special meeting.,,plan,plans,planning,do plan,,,,B,"In this sentence, the subject 'board of education' is singular, so the verb should also be singular to match. 'Plans' is the correct form of the verb to use with a singular subject. The correct sentence should be: 'The board of education plans to hold a special meeting.' Choices A, C, and D are incorrect because they do not agree in number with the singular subject 'board of education.' 'Plan' is plural, 'planning' is a gerund form, and 'do plan' is not the correct verb form for the subject-verb agreement in this sentence.",
HESI A2,Grammar,HESI A2 Grammar Practice Test,What word is best to substitute for the underlined words in the following sentence? The nursing staff appreciate occasional thank-you cards.,,They,It,Them,Us,,,,C,"In the sentence, 'The nursing staff appreciate occasional thank-you cards,' the pronoun 'them' is the best word to substitute for 'nursing staff.' The word 'them' is a pronoun that refers to a group of people or things, which matches the plural form of 'nursing staff.' Therefore, 'them' is the correct choice in this context. Choice A, 'They,' could also refer to the nursing staff, but 'them' is more precise in this case. Choice B, 'It,' is singular and does not match the plural 'nursing staff.' Choice D, 'Us,' refers to the speaker and others, which is not appropriate in this context.",
HESI A2,Grammar,HESI A2 Grammar Practice Test,What word is best to substitute for the underlined words in the following sentence? The coats hanging on the hooks are the patients'.,,his,their,them,theirs,,,,B,"The word 'their' is the correct possessive pronoun to use in this sentence because it indicates that the coats belong to multiple patients. 'Their' shows ownership by a plural group, which is the most suitable choice in this context. Choice A, 'his,' is singular and would imply that all the coats belong to one male patient, which is not the case. Choice C, 'them,' is a pronoun used for indicating objects or people and not possession. Choice D, 'theirs,' is a possessive pronoun but is used to refer to something that belongs to multiple people, not in this case where the coats belong to the patients.",
HESI A2,Grammar,HESI A2 Grammar Practice Test,Which word in the following sentence is a noun: 'The bird flew across the blue sky'?,,across,flew,bird,blue,,,,C,"In the sentence 'The bird flew across the blue sky,' 'bird' is the noun. A noun is a word that represents a person, place, thing, or idea. In this sentence, 'bird' represents a living creature, making it the noun. 'Across' is a preposition used to show the relationship between 'flew' and 'sky.' 'Flew' is a verb indicating an action, and 'blue' is an adjective describing the sky.",
HESI A2,Grammar,HESI A2 Grammar Practice Test,Select the word that makes the following sentence grammatically correct. The hockey team ___________ traveling to Albany for the semifinals.,,is,are,be,were,,,,A,"The subject of the sentence 'The hockey team' is singular, so the correct verb to use is 'is' to maintain subject-verb agreement. In this case, 'is' agrees with the singular subject 'team,' making the sentence grammatically correct. Choices B, C, and D are incorrect as they do not agree with the singular subject 'team.' 'Are' is plural, 'be' is not the correct form of the verb to use in this context, and 'were' is past tense which is not suitable for the present tense sentence.",
HESI A2,Grammar,HESI A2 Grammar Practice Test,Select the word or phrase that will make the sentence grammatically correct. The village is not very far _________ the railway station.,,to,from,by,next,,,,B,"The correct preposition to use in this sentence is 'from.' When referring to the distance between two locations, we use 'from' to indicate the starting point and 'to' to indicate the destination. In this case, the village is not very far from the railway station, showing the distance between the two places. Choice A ('to') is incorrect as it implies the village is far in the direction of the railway station. Choice C ('by') is incorrect as it suggests proximity rather than distance. Choice D ('next') is incorrect as it indicates the location of the village in relation to the railway station, not the distance between them.",
HESI A2,Grammar,HESI A2 Grammar Practice Test,Select the word that makes this sentence grammatically correct: 'Is the new student coming out to lunch with ____?',,we,our,us,they,,,,C,"In this sentence, 'us' is the correct pronoun to use. The sentence should read, 'Is the new student coming out to lunch with us?' 'Us' is the objective pronoun that functions as the object of the preposition 'with.'
Choice A, 'we,' is incorrect because 'we' is a subject pronoun and does not fit the prepositional phrase 'with us.' Choice B, 'our,' is a possessive pronoun, which is also incorrect in this context. Choice D, 'they,' is a subject pronoun and does not agree with the preposition 'with.' Therefore, the correct answer is 'C: us.'",
HESI A2,Grammar,HESI A2 Grammar Practice Test,Select the word or phrase that makes the following sentence grammatically correct. The students promised ___________ themselves with quiet dignity.,,conduct,conducting,to conduct,to be conducted,,,,C,"The correct answer is C. The sentence requires an infinitive form of the verb 'to conduct' after the verb 'promised.' This structure is commonly used in English grammar, where the main verb 'promised' is followed by an infinitive verb form. Therefore, the sentence should read: 'The students promised to conduct themselves with quiet dignity.' Choice A ('conduct') is incorrect as it is not in the infinitive form required after 'promised.' Choice B ('conducting') is incorrect as a gerund does not fit the grammatical structure of the sentence. Choice D ('to be conducted') is incorrect as it changes the meaning of the sentence, suggesting that someone else will conduct the students, rather than the students conducting themselves.",
HESI A2,Grammar,HESI A2 Grammar Practice Test,Select the word that makes the following sentence grammatically correct. The committee finished _______ report in time for the annual review.,,its,their,it's,they're,,,,A,"In this sentence, ""committee"" is a singular noun, so the correct pronoun to use is ""its."" The possessive pronoun ""its"" indicates that the committee is taking ownership of the report it finished. Choice B, ""their,"" is incorrect as it is a plural pronoun and does not agree with the singular noun ""committee."" Choices C and D are also incorrect as they represent contractions (""it's"" for ""it is"" and ""they're"" for ""they are""), which do not fit in the context of showing possession of the report by the committee.",
HESI A2,Grammar,Grammar HESI A2 Practice,Select the word that makes this sentence grammatically correct. People often believe ______ to be morally superior to their friends.,,oneself,themself,theirselves,themselves,,,,D,"The correct pronoun to use in this sentence is 'themselves' because it refers to the plural noun 'People.' 'Oneself' is singular and does not match the plural subject. 'Themself' is not a standard pronoun in English and is considered non-standard usage. 'Theirselves' is not a proper word in standard English grammar and is grammatically incorrect. Therefore, 'themselves' is the only grammatically correct option in this context.",
HESI A2,Grammar,Grammar HESI A2 Practice,"Select the word that makes the following sentence grammatically correct. Having ___________ one pill at bedtime, the patient was able to sleep for eight hours.",,took,take,taking,taken,,,,C,"The correct word to use in this sentence is 'taking' to show the continuous aspect of the action. The sentence should read: 'Having taking one pill at bedtime, the patient was able to sleep for eight hours.' 'Taking' is the present participle form of the verb 'take,' which is appropriate in this context to indicate the ongoing action of taking a pill at bedtime. Choice A, 'took,' is incorrect as it is the simple past tense, not suitable for this sentence's structure. Choice B, 'take,' is the base form of the verb, which does not fit the sentence's requirement for a participle. Choice D, 'taken,' is the past participle form, which is also unsuitable for showing the ongoing action required in this context.",
HESI A2,Grammar,Grammar HESI A2 Practice,Select the word that makes the following sentence grammatically correct. The girls have apparently ___________ curfew at least twice this week.,,broke,break,breaking,broken,,,,D,"The correct answer is 'D: broken.' In this sentence, the word 'broken' is the past participle form of the verb 'break' and is needed to complete the present perfect tense. The correct sentence should be 'The girls have apparently broken curfew at least twice this week.' Choices A, B, and C do not fit grammatically in the sentence because 'broke' is the simple past tense, 'break' is the base form, and 'breaking' is the present participle, whereas the sentence requires the past participle 'broken' for the present perfect tense.",
HESI A2,Grammar,Grammar HESI A2 Practice,"What punctuation is needed in the following sentence to make it correct? Follow my lead, I have been performing this procedure for years.",,Period,Comma,Exclamation point,Semicolon,,,,B,"The correct punctuation needed in the sentence is a comma. The sentence should be: 'Follow my lead, I have been performing this procedure for years.' The comma is necessary to separate the introductory phrase 'Follow my lead' from the main clause that follows. The other choices are incorrect because a period would create two separate sentences, an exclamation point is not suitable for the context, and a semicolon would be too strong of a punctuation mark for this sentence structure.",
HESI A2,Grammar,Grammar HESI A2 Practice,It was a beautiful performance. We all watched her from a balcony in the theater as she danced gracefully across the ________ stage.,,Massive,Stunningly,Lonely,Misery,,,,A,"The correct answer is 'Massive' as it accurately describes the size of the stage in relation to the performance. The word choice 'Massive' complements the context of a theater performance, highlighting the grandeur and scale of the stage. The other choices, 'Stunningly,' 'Lonely,' and 'Misery,' do not fit logically in the sentence as they do not relate to the physical attributes of the stage.",
HESI A2,Grammar,Grammar HESI A2 Practice,Select the word or phrase that makes this sentence grammatically correct: 'The development committee ____ a bargain with the city planners.',,striked,stroke,struck,strike,,,,C,"The correct answer is 'C: struck.' In this context, the correct verb form should be 'struck' as it is the past tense form of 'strike.' Therefore, the correct sentence should read: 'The development committee struck a bargain with the city planners.'
Choice A, 'striked,' is incorrect as 'strike' is an irregular verb, and the past tense is 'struck' rather than 'striked.' Choice B, 'stroke,' is incorrect as it is not the correct past tense form of 'strike' in this context. Choice D, 'strike,' is incorrect as it is the base form of the verb and does not fit the sentence structure requiring a past tense verb.",
HESI A2,Grammar,Grammar HESI A2 Practice,Which word is used incorrectly in the following sentence? Jeremiah seemed enthusiastic when we reported on our astonishing success.,,seemed,enthusiastic,astonishing,success,,,,B,"The word 'enthusiastic' is used incorrectly in the sentence. It should be 'enthusiastic' instead of 'enthusiastically' since it is describing Jeremiah's state of being, not an action he performed. Adverbs like 'enthusiastically' are used to modify verbs, not adjectives like 'enthusiastic'. The other choices ('seemed,' 'astonishing,' 'success') are all used appropriately in the sentence and do not need any correction.",
HESI A2,Grammar,Grammar HESI A2 Practice,Select the phrase that makes the following sentence grammatically correct: 'Janet called her ____ run after a squirrel.',,"dog, who had",dog that had,"dog, that had",dog who had,,,,A,"The correct answer is 'dog, who had.' The phrase 'dog, who had' correctly indicates that Janet called her dog to run after a squirrel. In this case, 'who had' provides additional information about the dog, making the sentence grammatically accurate. Choices B, C, and D are incorrect because they do not use the appropriate relative pronoun 'who' for referring to animals.",
HESI A2,Grammar,Grammar HESI A2 Practice,Two students _________ their professor about the possibility of obtaining a good grade in class.,,Ask,Is,Was,Could,,,,A,"The correct answer is 'Ask' because it maintains subject-verb agreement with 'two students,' requiring a plural verb 'ask' to match the plural subject. The other choices ('Is,' 'Was,' 'Could') do not agree with the plural subject and are thus incorrect. 'Is' is singular, 'Was' is the past tense form, and 'Could' indicates a possibility but does not fit the context of the sentence.",
HESI A2,Grammar,Grammar HESI A2 Practice,Select the word that makes the following sentence grammatically correct. The flock huddles against the wind that ruffles ___________ feathers.,,its,their,it's,they're,,,,A,"In this sentence, the word 'flock' is singular, so the pronoun that follows should also be singular. Therefore, the correct choice is 'its,' which refers back to the singular noun 'flock.'
Choice B ('their') is incorrect because it is a plural pronoun and does not agree in number with the singular noun 'flock.' Choices C ('it's') and D ('they're') are both incorrect contractions that do not fit grammatically in this context.",
HESI A2,Grammar,Grammar HESI A2 Practice,Select the word in the sentence that is not used correctly. The staunch hikers took a torturous downhill path that wound through thick vegetation.,,staunch,torturous,wound,vegetation,,,,C,"In the context of the sentence, the word 'wound' is not used correctly. It should be 'wove' instead of 'wound.' The correct word usage should be: 'The staunch hikers took a torturous downhill path that wove through thick vegetation.' 'Wound' is the past tense of 'wind,' while 'wove' is the past tense of 'weave,' which is the appropriate verb to describe a path navigating through vegetation. Choice A, 'staunch,' Choice B, 'torturous,' and Choice D, 'vegetation,' are all used appropriately in the sentence and do not contain any errors.",
HESI A2,Grammar,Grammar HESI A2 Practice,"Select the phrase that will make the following sentence grammatically correct. Three days from now, the horses ___________.",,performing in a show,performed in a show,will perform in a show,have performed in a show,,,,C,"In this sentence, 'Three days from now' indicates a future timeframe, so the correct verb tense to use is the future tense. The phrase 'will perform in a show' is the best choice to make the sentence grammatically correct because it aligns with the future action of the horses. Choice A ('performing in a show') uses the present participle and is incorrect in this context. Choice B ('performed in a show') uses the past tense, which is not suitable for a future event. Choice D ('have performed in a show') uses the present perfect tense, which is also not appropriate for a future action. Therefore, the correct answer is C.",
HESI A2,Grammar,Grammar HESI A2 Practice,What punctuation is needed in the following sentence to make it correct? Have you finished reading the lab results so we can schedule an appointment with the patient?,,Period,Comma,Question mark,Exclamation mark,,,,C,"The correct punctuation needed in the sentence is a question mark. The sentence is a question, asking whether the lab results have been read in order to schedule an appointment. Therefore, a question mark is needed at the end of the sentence to indicate that it is an inquiry. The period is used for statements, not questions. A comma would not be appropriate here as the sentence is not a list or a compound sentence. An exclamation mark would imply excitement or surprise, which is not the tone of the sentence.",
HESI A2,Grammar,Grammar HESI A2 Practice,Which of the following words or phrases fits best in the sentence below? Derek insists on working out daily ___________ his time is limited.,,despite,due to,even if,whereas,,,,A,"In the sentence, the word 'despite' is the best fit to convey the meaning that Derek insists on working out daily regardless of the limitation of his time. 'Despite' is used to show contrast or defiance against a situation or condition, making it the most suitable choice among the options provided. 

Choice B, 'due to,' would imply that Derek is working out daily because his time is limited, which is not the intended meaning of the sentence. Choice C, 'even if,' suggests a conditional scenario which does not align with the context of Derek's daily routine. Choice D, 'whereas,' introduces a comparison between two contrasting clauses, which does not fit the sentence where the focus is on Derek's persistence in working out despite limited time.",
HESI A2,Grammar,Grammar HESI A2 Practice,"Select the correct word for the blank in the following sentence. Without ___________ , I never would have finished my degree.",,she,he,them,hers,,,,A,"In this sentence, 'she' is the correct word to use. The sentence implies that someone (a female) helped the speaker finish their degree. The pronoun 'she' is used to refer to a female person. Without this person's help, the speaker would not have completed their degree. Therefore, the correct word for the blank is 'she.' Choices B, C, and D are incorrect because they do not match the context of the sentence, which specifically mentions the need for help from a female individual.",
HESI A2,Grammar,Grammar HESI A2 Practice,Select the word that makes the following sentence grammatically correct. One of the students ___________ completed the course.,,have,has,are,is,,,,B,"The correct word to use in this sentence is 'has' because 'One of the students' is singular, so it should be followed by a singular verb. The word 'has' is the correct singular form of the verb in this context. Choice A 'have' is plural, Choice C 'are' is also plural, and Choice D 'is' does not agree in number with the subject 'students'. Therefore, 'has' is the only correct choice here.",
HESI A2,Grammar,Grammar HESI A2 Practice,"Select the word or phrase that makes the following sentence grammatically correct. After ___________ for an entire afternoon, the resident felt revitalized.",,having rest,resting,rested,rest,,,,B,"The correct answer is 'B - resting' because it is the present participle form of the verb 'rest' and fits appropriately in the sentence structure 'After resting for an entire afternoon, the resident felt revitalized.' The present participle is used to show an ongoing action that happened before the feeling of revitalization. Choice A 'having rest' is incorrect as it does not convey the continuous action needed in this context. Choice C 'rested' is incorrect as it is the past tense form and does not match the tense of the sentence. Choice D 'rest' is incorrect as it is the base form of the verb and does not provide the needed -ing form for the sentence.",
HESI A2,Grammar,Grammar HESI A2 Practice,Select the phrase or clause that is misplaced in the following sentence: I did not see the open carton of orange juice on the shelf standing with the refrigerator door open.,,I did not see,of orange juice,on the shelf,standing with the refrigerator door open,,,,D,"The phrase 'standing with the refrigerator door open' is misplaced in the sentence as it disrupts the flow. It seems to modify 'shelf,' but it actually relates to the subject's action. Placing it after 'orange juice' would enhance clarity and conciseness. Choice A, 'I did not see,' is the introductory part of the sentence and is correctly placed. Choices B and C, 'of orange juice' and 'on the shelf,' provide necessary information and are correctly positioned in relation to the main subject and verb.",
HESI A2,Grammar,Grammar HESI A2 Practice,Which word in the following sentence functions as the direct object: 'The nurse helped the patient with the medication'?,,helped,nurse,patient,medication,,,,C,"In the sentence 'The nurse helped the patient with the medication,' the direct object is 'patient' because it receives the action of being helped. The direct object typically answers the question 'whom' or 'what' after the verb. In this case, 'the patient' is the one being helped by the nurse, making it the direct object. Choices A, B, and D are incorrect. 'Helped' is the verb, 'nurse' is the subject performing the action, and 'medication' is part of a prepositional phrase and does not directly receive the action of the verb.",
HESI A2,Grammar,Grammar HESI A2 Practice,"Which word is used incorrectly in the following sentence? He received an oral dose initially, followed by an IV drip.",,received,dose,initial,followed,,,,C,"The word 'initial' is used incorrectly in the sentence. The correct word that should be used here is 'initially.' 'Initially' is an adverb that is used to indicate the beginning or starting point of an action, while 'initial' is an adjective that describes something as happening at the beginning of a process. In this context, the correct usage would be 'He received an oral dose initially, followed by an IV drip.' The other choices ('received,' 'dose,' and 'followed') are used correctly in the sentence and do not need any corrections.",
HESI A2,Grammar,Grammar Practice Test For HESI A2,"What punctuation is needed in the following sentence to make it correct? After you complete your rounds, please check in at the station.",,Period,Comma,Colon,Semicolon,,,,A,"The correct punctuation needed in the sentence is a period. A period is used to indicate the end of a sentence. In this case, the sentence 'After you complete your rounds, please check in at the station.' is a complete thought and requires a period at the end to show that it is a complete sentence. The other choices are incorrect because a comma would not be suitable at the end of a sentence, a colon is used to introduce a list or an explanation, and a semicolon is used to connect two closely related independent clauses.",
HESI A2,Grammar,Grammar Practice Test For HESI A2,Which word is not spelled correctly in the context of the following sentence? 'The climate ___ is inappropriate for snow sports such as skiing.',,climate,hear,inappropriate,skiing,,,,B,"The word 'hear' is misspelled; it should be 'here.' In the context of the sentence provided, 'hear' does not fit logically and should be replaced with 'here' to convey the intended meaning. 'Climate,' 'inappropriate,' and 'skiing' are all spelled correctly and are appropriate in the context of the sentence. 'Hear' is a homophone and does not make sense in this context.",
HESI A2,Grammar,Grammar Practice Test For HESI A2,"Select the phrase that will make the following sentence grammatically correct. When the lecture was over, two students ___________.",,raise their hands to ask questions,raised their hands to ask questions,have raised their hands to ask questions,are raising their hands to ask questions,,,,B,"The verb 'raised' should be used in the past tense to match the past event (lecture was over). Therefore, the correct phrase is 'raised their hands to ask questions.' In English, when referring to a past event, the past tense of the verb is typically used to maintain proper grammar and clarity. Choice A is incorrect because it uses the present tense 'raise' instead of the past tense. Choice C is incorrect as it uses the present perfect tense 'have raised,' which is not suitable for a simple past event. Choice D is incorrect as it uses the present continuous tense 'are raising,' which is not appropriate for a completed past action.",
HESI A2,Grammar,Grammar Practice Test For HESI A2,Select the word or phrase that makes the following sentence grammatically correct: 'Why did we ____ try so hard?',,has to,haven't,had to,have to,,,,D,"Have to' is the correct choice as it fits the sentence structure. The sentence is in the past tense ('did we') and requires the infinitive form 'have to' to express the idea of necessity or obligation in the past. 'Has to' (Choice A) is incorrect as it is present tense, 'haven't' (Choice B) is a negative form and does not make sense in this context, and 'had to' (Choice C) would imply a past obligation that has already been fulfilled, which is not the intended meaning here.",
HESI A2,Grammar,Grammar Practice Test For HESI A2,Which word is used incorrectly in the following sentence? Jack practices piano while Sidney studies for the exam.,,practices,while,study,exam,,,,C,"The word 'study' is used incorrectly in the sentence. The correct verb form should be 'studies' to match the subject 'Sidney,' which is singular. The sentence should read, 'Jack practices piano while Sidney studies for the exam.' The other choices ('practices,' 'while,' and 'exam') are used appropriately in the sentence.",
HESI A2,Grammar,Grammar Practice Test For HESI A2,Select the word or phrase that makes the following sentence grammatically correct. Two students ___________ the machine while the third oversaw their work.,,operate,operating,were operating,has been operating,,,,A,"The word 'operate' is the correct choice as it agrees with the verb tense used in the sentence. In this case, the sentence requires the simple past tense. The correct form should be 'Two students operate the machine while the third oversaw their work.' Choices B, C, and D are incorrect because they do not match the required verb tense for the sentence. 'Operating' (choice B) is a present participle, 'were operating' (choice C) is past continuous, and 'has been operating' (choice D) is present perfect continuous, none of which fit the context of the sentence.",
HESI A2,Grammar,Grammar Practice Test For HESI A2,Children generally ______ with others of the same size and age.,,Play,Plays,Played,Playing,,,,A,"The correct answer is 'Play' because 'Children' is a plural subject and requires the base form of the verb. When referring to a plural subject like 'Children,' the verb should be in its base form without an added 's' or 'ed.' In this context, 'Play' is the appropriate form to use to match the subject 'Children.'

Choice B, 'Plays,' is incorrect because it is the singular form of the verb and does not agree with the plural subject 'Children.' Choice C, 'Played,' is incorrect as it is the past tense form of the verb and does not fit the present tense context of the sentence. Choice D, 'Playing,' is incorrect as it is the present participle form of the verb and does not match the simple present tense needed in the sentence.",
HESI A2,Grammar,Grammar Practice Test For HESI A2,Select the word or phrase that makes the following sentence grammatically correct. Kalinda spends part of her day ___________ data from the lab.,,inputs,input,having input,inputting,,,,D,"The correct form in this sentence is 'inputting,' as it is the gerund form of the verb 'input.' The gerund form is used to show that Kalinda spends part of her day engaging in the ongoing action of inputting data from the lab. Choice A ('inputs') is incorrect as it is the third-person singular form of the verb, which does not fit here. Choice B ('input') is incorrect as it is the base form of the verb and does not convey the ongoing action required in this context. Choice C ('having input') is incorrect as it suggests a completed action rather than an ongoing one.",
HESI A2,Grammar,Grammar Practice Test For HESI A2,"What punctuation is needed in this sentence to make it correct? I will check the supply closet, and you can look in the laundry.",,Period,Comma,Colon,Semicolon,,,,B,"The correct answer is B: 'Comma.' In the sentence, a comma is needed to separate the independent clauses 'I will check the supply closet' and 'you can look in the laundry.' This comma helps to indicate a pause between the two related but separate actions that each person is taking. Choice A (Period) is incorrect because a period would create two separate sentences. Choice C (Colon) is incorrect as a colon is used to introduce a list or explanation. Choice D (Semicolon) is incorrect as a semicolon is used to connect two closely related independent clauses without a coordinating conjunction.",
HESI A2,Grammar,Grammar Practice Test For HESI A2,Select the correct word for the blank in the following sentence. The children and ___________ performed a skit for the elderly patients.,,he,me,them,her,,,,C,"In this sentence, we are looking for a pronoun that refers to more than one person. The children and 'them' performed a skit for the elderly patients. 'Them' is the correct pronoun to use in this context to indicate a group of people, which is the plural form of the pronoun. Choice A, 'he,' is singular and would not match the plural subject. Choice B, 'me,' is an object pronoun and does not fit the subject position. Choice D, 'her,' is singular and does not agree with the plural subject 'children and them.' Therefore, the correct answer is 'C: them.'",
HESI A2,Grammar,Grammar Practice Test For HESI A2,The nurse did not think that the symptoms ___________ an emergency room visit.,,Desired,Warranted,Guaranteed,Should have been,,,,B,"In this sentence, the word that best fits is 'warranted,' meaning that the symptoms did not justify or necessitate an emergency room visit. 'Desired' means wanted or wished for, 'Guaranteed' means assured, and 'Should have been' is not the appropriate phrase in this context. Therefore, 'warranted' is the correct choice for this question.",
HESI A2,Grammar,Grammar Practice Test For HESI A2,Select the word that makes the following sentence grammatically correct: 'She asked ____ to take her around the corner to the drugstore.',,him,his,he,his',,,,A,"In the sentence, 'She asked ____ to take her around the corner to the drugstore,' the correct word to fill in the blank is 'him.' The pronoun 'him' is in the objective case and is used correctly as the object of the verb 'asked.' The other options ('his,' 'he,' and 'his'') are either possessive or nominative cases, which do not fit the grammatical structure needed here. 'His' is possessive, 'he' is nominative, and 'his'' is incorrect due to the unnecessary apostrophe.",
HESI A2,Grammar,Grammar Practice Test For HESI A2,"Select the word or phrase that makes this sentence grammatically correct: 'Sometimes, the condition ____ with an unusual symptom-vertigo.'","The correct word is ""presents."" In medical terminology, when a condition ""presents"" with a symptom, it means that the symptom is a noticeable feature or indication of the condition. Therefore, ""presents"" is the appropriate verb to describe how the condition manifests itself with vertigo. The other options do not fit the grammatical structure of the sentence.",presence,presents,present,prescience,,,,B,"Presents' is the correct choice here. The sentence requires a verb that indicates the condition appearing with a symptom. In medical terminology, when a condition 'presents' with a symptom, it means that the symptom is a noticeable feature or indication of the condition. Therefore, 'presents' is the appropriate verb to describe how the condition manifests itself with vertigo. The other options do not fit the grammatical structure of the sentence.",
HESI A2,Grammar,Grammar Practice Test For HESI A2,"Select the word that makes the following sentence grammatically correct. She is very caring; ___________, she needs more training before she is ready to work in the hospital.",,also,nevertheless,hitherto,otherwise,,,,B,"The word 'nevertheless' is used to show contrast or contradiction between two ideas. In this sentence, acknowledging the positive quality of being caring but stating that more training is needed presents a contrast. Therefore, 'nevertheless' is the appropriate word to bridge the two ideas together logically. Choices A, C, and D do not convey the intended contrast between the two parts of the sentence, making them grammatically incorrect in this context.",
HESI A2,Grammar,Grammar Practice Test For HESI A2,"Select the word that will make the following sentence grammatically correct. The patients are resting comfortably; ___________, bed checks should still be done every half hour.",,despite,however,otherwise,afterward,,,,C,"The word 'otherwise' is used to indicate that although the patients are resting comfortably, under different circumstances, bed checks should still be done every half hour. This maintains the correct logic and flow of the sentence, making it grammatically correct. 

Choice A, 'despite,' would imply a contrasting situation that is not the intended meaning in this context. Choice B, 'however,' also implies a contrast rather than the intended conditional relationship. Choice D, 'afterward,' indicates a time sequence that does not fit the context of the sentence.",
HESI A2,Grammar,Grammar Practice Test For HESI A2,Which word is used incorrectly in the following sentence? Please give the folder to whoever replies to your page.,,give,envelope,whoever,replies,,,,B,"The word 'envelope' is used incorrectly in the sentence. The correct word should be 'folder,' as mentioned in the original sentence. An envelope is a flat paper container for a letter or documents, while a folder is a folded cover for papers or documents. 'Give,' 'whoever,' and 'replies' are all used appropriately in the sentence, so they are not the incorrect words.",
HESI A2,Grammar,Grammar Practice Test For HESI A2,Which word is used incorrectly in the following sentence? The boys leapt up happy to assist their favorite teacher.,,leapt,happy,assist,their,,,,D,"The word 'their' is used incorrectly in the sentence. The correct word should be 'they're,' which is a contraction for 'they are.' The sentence should say: The boys leapt up, happy to assist their favorite teacher. Choice A, 'leapt,' is correctly used as the past tense of 'leap.' Choice B, 'happy,' is also correctly used as an adjective to describe the boys' emotional state. Choice C, 'assist,' is appropriately used as a verb to show the boys' willingness to help.",
HESI A2,Grammar,Grammar Practice Test For HESI A2,"Which word is not spelled correctly in the context of the following sentence? To succeed in this position, it is necessary to manage people well.",,succeed,position,necessary,manage,,,,D,"In this context, the word that is not spelled correctly is ""manage."" The correct spelling should be ""manage,"" but the incorrect spelling provided is ""mange.""

Rationale:
- Correct Answer (D): ""Manage"" is the correct spelling of the word that means to be in charge of or control. In the sentence, the verb ""manage"" is used to convey the idea of handling or supervising people.
- Incorrect Answers: 
  - A) ""Succeed"" is spelled correctly and fits the context of the sentence as it refers to achieving a desired outcome.
  - B) ""Position"" is spelled correctly and accurately describes the role or placement mentioned in the sentence.
  - C) ""Necessary"" is spelled correctly and is used appropriately to indicate something that is required or essential.
  
Educational Context:
Understanding proper spelling is essential in pharmacology and any field where precise communication is crucial. In pharmacology, accuracy is paramount to avoid errors that could have serious consequences. Ensuring correct spelling helps maintain clear communication in medication administration, documentation, and patient education. Improving spelling skills can enhance professionalism, accuracy, and effectiveness in the healthcare setting.",
HESI A2,Grammar,Grammar Practice Test For HESI A2,Select the correct word for the blank in the following sentence: The intern and ___________ are folding the bandages.,,us,he,them,her,,,,C,"In this sentence, the correct word to use is 'them.' The subject of the sentence is 'the intern and another person,' indicating more than one individual. Therefore, the pronoun 'them' is the appropriate choice to refer to multiple people engaged in folding the bandages. Choice A ('us') is incorrect as it refers to the speaker and the intern, not the intern and another person. Choice B ('he') is singular and does not match the plural subject of the sentence. Choice D ('her') is also singular and does not agree with the plural subject 'the intern and another person.'",
HESI A2,Grammar,Grammar Practice Test For HESI A2,"Which word is used incorrectly in the following sentence? If you calculate too quickly, you may possibly fail to get the right answer.",,calculate,quickly,possibly,right,,,,B,"The word 'quickly' is used incorrectly in the sentence. The correct word that should be used here is 'speedily.' 'Quickly' is an adverb that describes the speed at which an action is performed. However, in this context, the sentence needs an adverb that conveys doing something in a hurried or rushed manner, which is 'speedily.' Therefore, the sentence should read as: 'If you calculate too speedily, you may possibly fail to get the right answer.' The other choices ('calculate,' 'possibly,' 'right') are used appropriately in the sentence and do not need to be changed.",